Dates,States_UTs,source_sheet,Rice,Wheat,Atta_Wheat,Gram_Dal,Tur_Arhar_Dal,Urad_Dal,Moong_Dal,Masoor_Dal,Sugar,Milk,Groundnut_Oil_Packed,Mustard_Oil_Packed,Vanaspati_Packed,Soya_Oil_Packed,Sunflower_Oil_Packed,Palm_Oil_Packed,Gur,Tea_Loose,Salt_Pack_Iodised,Potato,Onion,Tomato,Year,Month,Quarter,Week,Month_Sin,Month_Cos,Potato_Lag1,Potato_Lag2,Potato_RollingMean3,Potato_WoW_Pct,Potato_Shock,Onion_Lag1,Onion_Lag2,Onion_RollingMean3,Onion_WoW_Pct,Onion_Shock,Tomato_Lag1,Tomato_Lag2,Tomato_RollingMean3,Tomato_WoW_Pct,Tomato_Shock,Any_Shock
2024-01-01,Maharashtra,2024 biweekly,49.53,39.95,43.42,82.53,165.95,127.63,123.68,96.11,43.47,59.05,186.0,156.33,125.89,108.68,121.32,97.81,53.63,296.74,23.89,27.32,33.21,31.37,2024,1,1,1,0.49999999999999994,0.8660254037844387,,,,,0,,,,,0,,,,,0,0
2024-01-15,Maharashtra,2024 biweekly,49.79,40.42,43.58,81.47,162.37,128.37,122.53,96.26,42.89,59.0,184.42,155.72,125.63,107.74,121.42,98.13,53.68,296.32,23.47,28.05,30.0,30.53,2024,1,1,3,0.49999999999999994,0.8660254037844387,27.32,,,2.6720351390922437,0,33.21,,,-9.665763324299913,0,31.37,,,-2.677717564552118,0,0
2024-01-29,Maharashtra,2024 biweekly,50.47,40.37,43.42,81.84,160.89,128.37,122.42,95.26,43.0,58.89,184.16,155.28,125.53,107.37,121.74,98.0,53.53,295.95,23.32,27.79,27.32,31.68,2024,1,1,5,0.49999999999999994,0.8660254037844387,28.05,27.32,27.72,-0.9269162210338688,0,30.0,33.21,30.176666666666666,-8.933333333333337,0,30.53,31.37,31.19333333333333,3.766786767114305,0,0
2024-02-12,Maharashtra,2024 biweekly,50.84,43.32,82.37,161.95,130.16,123.58,95.74,42.53,58.95,183.84,155.39,125.74,107.32,120.84,98.63,53.95,295.89,23.37,26.74,25.16,38.21,31.865,2024,2,1,7,0.8660254037844386,0.5000000000000001,27.79,28.05,27.0,-9.463835912198626,0,27.32,30.0,31.843333333333334,39.86090775988287,1,31.68,30.53,31.35833333333333,0.5839646464646409,0,1
2024-02-26,Maharashtra,2024 biweekly,51.32,39.68,43.0,83.16,162.53,131.32,124.05,95.95,42.42,59.21,183.84,155.22,125.84,106.84,119.16,98.13,54.0,295.37,23.37,27.79,26.16,32.05,2024,2,1,9,0.8660254037844386,0.5000000000000001,25.16,27.79,26.913333333333338,10.453100158982508,0,38.21,27.32,30.563333333333333,-31.53624705574457,0,31.865,31.68,31.865,0.5805742978189254,0,0
2024-03-12,Maharashtra,2024 biweekly,50.74,39.47,42.89,83.42,161.47,131.74,124.89,96.37,42.37,58.79,184.37,156.17,126.42,108.74,119.0,99.56,53.95,295.79,23.37,28.89,26.89,28.47,2024,3,1,11,1.0,6.123233995736766e-17,27.79,25.16,27.28,3.958258366318823,0,26.16,38.21,30.42,2.7905198776758455,0,32.05,31.865,30.794999999999998,-11.170046801872068,0,0
2024-03-26,Maharashtra,2024 biweekly,51.05,38.74,42.42,83.0,159.63,131.53,124.79,96.26,42.58,58.84,184.32,156.11,127.58,112.11,120.37,102.88,54.37,295.21,23.42,28.63,25.16,26.74,2024,3,1,13,1.0,6.123233995736766e-17,28.89,27.79,28.436666666666667,-0.8999653859466994,0,26.89,26.16,26.070000000000004,-6.4336184455187855,0,28.47,32.05,29.086666666666662,-6.076571829996491,0,0
2024-04-09,Maharashtra,2024 biweekly,51.79,38.47,42.16,82.63,162.37,132.58,125.95,97.16,42.53,58.84,184.68,155.78,127.47,111.68,121.37,103.5,54.05,294.53,23.37,33.05,25.89,25.47,2024,4,2,15,0.8660254037844387,-0.4999999999999998,28.63,28.89,30.189999999999998,15.438351379671666,0,25.16,26.89,25.98,2.901430842607322,0,26.74,28.47,26.89333333333333,-4.749439042632764,0,0
2024-04-23,Maharashtra,2024 biweekly,52.05,38.32,42.42,84.84,167.21,132.0,126.58,97.84,42.37,59.0,184.32,156.5,127.58,111.58,121.11,103.88,54.21,297.47,23.37,33.63,26.37,25.58,2024,4,2,17,0.8660254037844387,-0.4999999999999998,33.05,28.63,31.77,1.7549167927382925,0,25.89,25.16,25.80666666666667,1.8539976825028948,0,25.47,26.74,25.929999999999996,0.43188064389476644,0,0
2024-05-07,Maharashtra,2024 biweekly,51.58,38.74,42.32,86.47,168.74,132.74,127.47,97.42,42.68,59.05,184.11,157.11,127.53,110.58,119.95,103.56,54.42,297.37,23.32,35.95,27.53,27.47,2024,5,2,19,0.49999999999999994,-0.8660254037844387,33.63,33.05,34.21,6.8986024382991395,0,26.37,25.89,26.596666666666668,4.3989381873341005,0,25.58,25.47,26.173333333333332,7.388584831899925,0,0
2024-05-21,Maharashtra,2024 biweekly,51.42,38.79,42.37,87.0,170.47,133.32,127.89,97.32,42.68,59.37,182.84,157.28,127.32,110.53,119.05,102.63,54.42,296.37,23.26,35.89,27.74,27.53,2024,5,2,21,0.49999999999999994,-0.8660254037844387,35.95,33.63,35.15666666666667,-0.16689847009736525,0,27.53,26.37,27.213333333333335,0.7628042135851665,0,27.47,25.58,26.86,0.21842009464871914,0,0
2024-06-04,Maharashtra,2024 biweekly,51.37,38.42,42.58,89.26,174.11,134.68,127.84,97.26,42.74,59.47,182.11,157.94,127.74,111.05,120.47,102.25,54.42,298.89,23.32,36.68,29.11,35.47,2024,6,2,23,1.2246467991473532e-16,-1.0,35.89,35.95,36.17333333333334,2.2011702424073576,0,27.74,27.53,28.126666666666665,4.9387166546503325,0,27.53,27.47,30.156666666666666,28.84126407555394,1,1
2024-06-18,Maharashtra,2024 biweekly,51.95,38.63,42.37,90.89,176.47,135.63,127.74,96.37,43.16,59.95,182.63,158.17,128.05,112.16,121.26,102.56,55.53,299.05,23.47,38.63,37.21,54.11,2024,6,2,25,1.2246467991473532e-16,-1.0,36.68,35.89,37.06666666666667,5.316248636859333,0,29.11,27.74,31.353333333333335,27.825489522500856,1,35.47,27.53,39.03666666666667,52.55145193120947,1,1
2024-07-02,Maharashtra,2024 biweekly,53.47,39.11,43.16,92.16,178.89,136.0,126.68,96.42,43.26,59.95,183.95,160.0,129.68,112.53,122.68,102.94,55.53,303.11,23.74,41.58,40.11,62.89,2024,7,3,27,-0.4999999999999997,-0.8660254037844388,38.63,36.68,38.96333333333333,7.6365519026663,0,37.21,29.11,35.47666666666667,7.793603869927446,0,54.11,35.47,50.82333333333333,16.226205876917387,0,0
2024-07-13,Maharashtra,2024 biweekly,52.0,39.37,43.21,93.53,178.11,135.53,126.32,96.79,43.32,59.84,184.05,160.11,129.95,112.84,123.0,102.75,55.95,304.11,23.84,42.58,41.63,72.47,2024,7,3,28,-0.4999999999999997,-0.8660254037844388,41.58,38.63,40.93,2.40500240500241,0,40.11,37.21,39.65,3.789578658688608,0,62.89,54.11,63.156666666666666,15.232946414374293,0,0
2024-07-30,Maharashtra,2024 biweekly,47.68,39.42,43.16,92.58,174.37,133.33,123.47,96.0,43.32,60.21,182.22,156.19,126.33,112.16,123.33,102.0,55.47,304.74,23.95,42.0,39.53,66.63,2024,7,3,31,-0.4999999999999997,-0.8660254037844388,42.58,41.58,42.053333333333335,-1.362141850634102,0,41.63,40.11,40.42333333333334,-5.044439106413645,0,72.47,62.89,67.33,-8.058506968400724,0,0
2024-08-13,Maharashtra,2024 biweekly,47.74,39.11,43.47,92.0,170.74,131.26,121.79,94.0,43.42,60.16,180.95,156.11,126.37,111.16,119.89,101.5,54.74,306.05,24.0,39.95,42.11,42.47,2024,8,3,33,-0.8660254037844384,-0.5000000000000004,42.0,42.58,41.510000000000005,-4.880952380952374,0,39.53,41.63,41.089999999999996,6.526688590943586,0,66.63,72.47,60.52333333333333,-36.25994296863274,0,0
2024-08-27,Maharashtra,2024 biweekly,47.84,38.84,43.58,95.05,169.89,130.89,122.26,93.21,43.42,59.84,179.21,156.28,126.26,109.84,119.58,102.06,55.05,306.89,24.05,40.37,47.89,36.79,2024,8,3,35,-0.8660254037844384,-0.5000000000000004,39.95,42.0,40.77333333333334,1.051314142678339,0,42.11,39.53,43.17666666666667,13.725955829969138,0,42.47,66.63,48.629999999999995,-13.374146456322112,0,0
2024-09-10,Maharashtra,2024 biweekly,47.79,38.68,43.53,97.0,168.58,130.26,121.42,93.21,43.53,59.11,179.63,156.94,127.26,111.11,120.11,103.56,55.0,308.89,23.95,41.32,51.16,34.32,2024,9,3,37,-1.0,-1.8369701987210297e-16,40.37,39.95,40.546666666666674,2.3532325984642055,0,47.89,42.11,47.053333333333335,6.828147838797238,0,36.79,42.47,37.86,-6.713780918727908,0,0
2024-09-24,Maharashtra,2024 biweekly,48.11,39.0,43.84,97.95,168.05,129.63,121.37,93.16,43.63,59.16,188.95,171.06,135.26,129.32,135.95,120.94,55.16,306.89,23.95,40.79,51.53,41.95,2024,9,3,39,-1.0,-1.8369701987210297e-16,41.32,40.37,40.82666666666666,-1.2826718296224615,0,51.16,47.89,50.19333333333333,0.7232212666145488,0,34.32,36.79,37.68666666666667,22.231934731934743,1,1
2024-10-08,Maharashtra,2024 biweekly,47.79,39.0,44.05,99.0,167.32,130.32,120.37,92.68,43.53,59.16,193.32,177.11,141.42,139.89,143.47,129.38,55.47,306.89,23.95,41.26,52.32,62.53,2024,10,4,41,-0.8660254037844386,0.5000000000000001,40.79,41.32,41.123333333333335,1.1522431968619795,0,51.53,51.16,51.669999999999995,1.533087521831944,0,41.95,34.32,46.26666666666667,49.058402860548256,1,1
2024-10-22,Maharashtra,2024 biweekly,48.42,39.63,44.26,99.53,165.79,130.32,119.89,93.26,43.42,59.16,196.26,180.89,144.37,143.05,148.37,132.0,55.16,307.0,24.05,40.79,50.32,60.95,2024,10,4,43,-0.8660254037844386,0.5000000000000001,41.26,40.79,40.946666666666665,-1.1391177896267535,0,52.32,51.53,51.39000000000001,-3.822629969418956,0,62.53,41.95,55.14333333333334,-2.5267871421717603,0,0
2024-11-05,Maharashtra,2024 biweekly,48.21,40.0,44.47,99.63,166.16,129.79,120.42,93.32,43.58,59.21,197.42,183.0,147.53,147.05,152.37,135.25,55.79,306.53,24.16,40.68,51.0,52.37,2024,11,4,45,-0.5000000000000004,0.8660254037844384,40.79,41.26,40.910000000000004,-0.2696739396910952,0,50.32,52.32,51.21333333333333,1.3513513513513598,0,60.95,62.53,58.61666666666667,-14.077112387202629,0,0
2024-11-19,Maharashtra,2024 biweekly,47.95,39.89,44.53,99.58,166.37,129.11,120.95,94.32,43.58,59.21,198.11,183.72,149.21,151.0,155.84,138.63,55.32,307.47,24.16,41.84,56.74,44.63,2024,11,4,47,-0.5000000000000004,0.8660254037844384,40.68,40.79,41.10333333333333,2.851524090462143,0,51.0,50.32,52.68666666666667,11.254901960784313,0,52.37,60.95,52.65,-14.779453885812476,0,0
2024-12-03,Maharashtra,2024 biweekly,47.84,40.26,44.42,97.53,165.79,128.74,120.26,93.21,43.32,59.26,195.79,182.56,149.42,150.26,156.63,140.38,54.68,308.42,24.26,42.21,55.37,45.05,2024,12,4,49,-2.4492935982947064e-16,1.0,41.84,40.68,41.576666666666675,0.8843212237093612,0,56.74,51.0,54.370000000000005,-2.414522382798734,0,44.63,52.37,47.35,0.9410710284561752,0,0
2024-12-17,Maharashtra,2024 biweekly,47.47,40.63,44.53,96.16,164.0,128.47,118.74,92.89,42.84,59.53,194.42,182.56,149.63,149.68,157.37,140.38,54.53,309.11,24.32,41.11,51.37,38.63,2024,12,4,51,-2.4492935982947064e-16,1.0,42.21,41.84,41.72,-2.6060175313906697,0,55.37,56.74,54.49333333333333,-7.224128589488899,0,45.05,44.63,42.77,-14.250832408435066,0,0
2024-12-31,Maharashtra,2024 biweekly,47.26,40.58,44.79,95.0,161.37,128.11,118.21,92.26,42.63,60.0,192.58,182.56,150.11,148.42,156.53,140.25,54.95,308.58,24.42,39.26,41.63,33.47,2024,12,4,1,-2.4492935982947064e-16,1.0,41.11,42.21,40.86,-4.500121624908782,0,51.37,55.37,49.45666666666667,-18.96048277204593,0,38.63,45.05,39.050000000000004,-13.357494175511263,0,0
2025-01-01,Maharashtra,2025 biweekly,47.26,40.63,44.79,94.89,160.84,128.0,118.16,92.21,42.63,60.0,192.74,182.72,150.11,147.89,156.42,140.25,54.95,308.58,24.42,39.05,41.11,33.26,2025,1,1,1,0.49999999999999994,0.8660254037844387,39.26,41.11,39.806666666666665,-0.5348955680081535,0,41.63,51.37,44.70333333333334,-1.2490992073024287,0,33.47,38.63,35.12,-0.6274275470570689,0,0
2025-01-15,Maharashtra,2025 biweekly,47.0,41.11,45.0,93.0,154.0,127.47,117.53,92.37,42.58,60.16,190.79,184.17,150.68,149.79,156.42,140.94,54.53,309.16,24.42,37.53,39.05,28.42,2025,1,1,3,0.49999999999999994,0.8660254037844387,39.05,39.26,38.61333333333334,-3.8924455825864124,0,41.11,41.63,40.596666666666664,-5.010946241790326,0,33.26,33.47,31.716666666666665,-14.552014431749837,0,0
2025-01-29,Maharashtra,2025 biweekly,46.63,41.37,45.32,91.42,147.79,126.21,117.37,91.53,43.16,60.0,190.0,183.5,151.05,149.53,156.84,143.4,54.58,309.68,24.26,36.05,37.16,24.74,2025,1,1,5,0.49999999999999994,0.8660254037844387,37.53,39.05,37.54333333333334,-3.943511857180937,0,39.05,41.11,39.10666666666666,-4.839948783610759,0,28.42,33.26,28.80666666666667,-12.948627726952866,0,0
2025-02-12,Maharashtra,2025 biweekly,46.84,41.05,45.58,89.95,137.53,125.37,117.26,90.95,43.89,60.21,189.84,182.56,151.53,149.63,156.84,143.19,54.53,310.0,24.26,34.74,35.37,23.16,2025,2,1,7,0.8660254037844386,0.5000000000000001,36.05,37.53,36.106666666666676,-3.6338418862690625,0,37.16,39.05,37.19333333333333,-4.817007534983853,0,24.74,28.42,25.439999999999998,-6.386418755052537,0,0
2025-02-26,Maharashtra,2025 biweekly,46.47,40.79,45.68,89.0,135.0,124.68,116.89,91.32,43.95,60.47,191.26,184.0,153.58,152.58,160.21,145.88,54.95,309.79,24.37,33.05,35.53,23.47,2025,2,1,9,0.8660254037844386,0.5000000000000001,34.74,36.05,34.61333333333334,-4.864709268854361,0,35.37,37.16,36.02,0.4523607577042732,0,23.16,24.74,23.790000000000003,1.3385146804835824,0,0
2025-03-12,Maharashtra,2025 biweekly,46.68,39.84,45.16,87.63,131.58,124.16,116.42,91.63,44.05,60.58,191.16,184.61,154.37,152.58,160.68,146.5,54.68,309.26,24.37,32.16,33.63,24.32,2025,3,1,11,1.0,6.123233995736766e-17,33.05,34.74,33.31666666666666,-2.692889561270806,0,35.53,35.37,34.843333333333334,-5.3475935828877,0,23.47,23.16,23.650000000000002,3.6216446527481905,0,0
2025-03-26,Maharashtra,2025 biweekly,46.37,38.53,44.79,85.63,128.74,123.11,115.0,91.47,43.95,60.0,191.53,184.17,154.68,152.11,160.26,146.63,55.11,309.37,24.32,31.05,29.63,23.42,2025,3,1,13,1.0,6.123233995736766e-17,32.16,33.05,32.086666666666666,-3.4514925373134164,0,33.63,35.53,32.93,-11.89414213499852,0,24.32,23.47,23.736666666666668,-3.7006578947368363,0,0
2025-04-09,Maharashtra,2025 biweekly,46.11,37.74,44.68,85.47,127.32,122.68,115.79,91.79,44.16,60.16,189.68,184.5,155.58,152.68,160.84,146.44,55.32,309.53,24.74,30.84,28.16,22.95,2025,4,2,15,0.8660254037844387,-0.4999999999999998,31.05,32.16,31.350000000000005,-0.6763285024154575,0,29.63,33.63,30.473333333333333,-4.961187985150184,0,23.42,24.32,23.563333333333333,-2.0068317677199077,0,0
2025-04-23,Maharashtra,2025 biweekly,46.42,37.32,44.11,86.42,126.95,122.68,115.84,92.11,44.11,60.11,188.53,184.0,156.47,151.58,160.68,145.44,55.89,310.32,24.68,30.16,25.53,23.16,2025,4,2,17,0.8660254037844387,-0.4999999999999998,30.84,31.05,30.683333333333337,-2.204928664072636,0,28.16,29.63,27.77333333333333,-9.339488636363635,0,22.95,23.42,23.176666666666666,0.9150326797385588,0,0
2025-05-07,Maharashtra,2025 biweekly,46.16,37.16,43.68,86.0,125.32,121.42,115.11,91.89,43.95,60.26,188.79,184.33,158.16,151.47,160.89,143.5,55.79,310.11,24.74,30.42,24.47,24.11,2025,5,2,19,0.49999999999999994,-0.8660254037844387,30.16,30.84,30.47333333333334,0.8620689655172376,0,25.53,28.16,26.05333333333333,-4.151978065021556,0,23.16,22.95,23.406666666666666,4.1018998272884355,0,0
2025-05-21,Maharashtra,2025 biweekly,46.21,37.32,43.42,85.68,124.16,121.37,114.95,92.32,43.95,60.16,188.79,184.39,159.05,151.68,161.42,143.94,56.0,311.53,24.74,30.26,23.68,25.16,2025,5,2,21,0.49999999999999994,-0.8660254037844387,30.42,30.16,30.28,-0.5259697567389865,0,24.47,25.53,24.560000000000002,-3.228442991418057,0,24.11,23.16,24.14333333333333,4.355039402737448,0,0
2025-06-04,Maharashtra,2025 biweekly,46.0,37.63,43.53,85.58,123.32,120.58,116.0,92.32,44.11,60.16,188.42,184.06,158.63,150.42,160.89,141.56,56.32,312.0,24.74,29.53,24.74,31.16,2025,6,2,23,1.2246467991473532e-16,-1.0,30.26,30.42,30.070000000000004,-2.4124256444150727,0,23.68,24.47,24.296666666666667,4.4763513513513375,0,25.16,24.11,26.810000000000002,23.847376788553266,1,1
2025-06-18,Maharashtra,2025 biweekly,45.89,37.79,43.84,85.68,121.95,119.58,115.53,92.05,44.21,60.37,188.16,185.61,157.95,147.05,160.21,139.44,57.0,312.89,24.84,29.74,26.26,33.74,2025,6,2,25,1.2246467991473532e-16,-1.0,29.53,30.26,29.843333333333337,0.7111412123264493,0,24.74,23.68,24.893333333333334,6.143896523848036,0,31.16,25.16,30.02,8.279845956354315,0,0
2025-07-02,Maharashtra,2025 biweekly,45.11,37.37,43.74,85.84,120.79,119.79,115.42,92.21,43.95,60.0,186.32,185.0,159.32,145.37,158.37,137.19,56.84,314.37,24.84,30.32,26.79,35.95,2025,7,3,27,-0.4999999999999997,-0.8660254037844388,29.74,29.53,29.863333333333333,1.95023537323471,0,26.26,24.74,25.929999999999996,2.0182787509520184,0,33.74,31.16,33.61666666666667,6.550088915234142,0,0
2025-07-13,Maharashtra,2025 biweekly,44.89,37.42,43.58,85.42,119.84,119.47,114.89,91.95,44.21,60.11,187.84,188.12,161.83,145.32,161.83,137.25,56.58,315.84,24.89,29.95,27.05,39.47,2025,7,3,28,-0.4999999999999997,-0.8660254037844388,30.32,29.74,30.003333333333334,-1.2203166226912976,0,26.79,26.26,26.700000000000003,0.9705113848450964,0,35.95,33.74,36.38666666666666,9.791376912378302,0,0
2025-07-30,Maharashtra,2025 biweekly,44.84,37.53,44.53,87.47,118.74,119.16,114.47,92.47,44.16,60.21,187.89,192.28,161.63,146.21,161.26,137.06,57.05,316.63,24.95,30.84,26.63,47.79,2025,7,3,31,-0.4999999999999997,-0.8660254037844388,29.95,30.32,30.370000000000005,2.971619365609346,0,27.05,26.79,26.823333333333334,-1.5526802218114644,0,39.47,35.95,41.07,21.079300734735252,1,1
2025-08-13,Maharashtra,2025 biweekly,45.05,37.79,44.84,89.79,118.05,118.95,115.26,93.53,44.79,60.32,186.89,194.22,161.58,146.16,162.16,137.67,56.89,318.21,25.05,31.0,26.79,47.53,2025,8,3,33,-0.8660254037844384,-0.5000000000000004,30.84,29.95,30.596666666666668,0.5188067444876765,0,26.63,27.05,26.823333333333334,0.6008261359369049,0,47.79,39.47,44.93,-0.5440468717304858,0,0
2025-08-27,Maharashtra,2025 biweekly,45.68,38.11,44.58,89.0,116.68,117.68,114.47,92.68,45.21,60.68,186.42,196.72,161.89,147.32,163.63,137.47,57.26,317.63,25.05,30.42,27.58,44.58,2025,8,3,35,-0.8660254037844384,-0.5000000000000004,31.0,30.84,30.753333333333334,-1.8709677419354809,0,26.79,26.63,27.0,2.9488615154908526,0,47.53,47.79,46.63333333333333,-6.20660635388176,0,0
2025-09-10,Maharashtra,2025 biweekly,45.74,38.47,45.05,89.05,116.32,117.84,114.05,92.42,45.05,60.68,186.79,196.83,162.05,147.74,164.74,138.8,57.16,318.68,25.05,29.89,27.16,37.74,2025,9,3,37,-1.0,-1.8369701987210297e-16,30.42,31.0,30.436666666666667,-1.7422748191978976,0,27.58,26.79,27.176666666666666,-1.522842639593902,0,44.58,47.53,43.28333333333334,-15.343203230148038,0,0
2025-09-24,Maharashtra,2025 biweekly,45.84,38.63,45.05,89.0,116.84,117.74,114.21,92.63,44.74,60.63,186.21,197.61,162.0,147.84,165.32,138.2,57.37,319.21,25.16,30.05,26.42,32.05,2025,9,3,39,-1.0,-1.8369701987210297e-16,29.89,30.42,30.120000000000005,0.5352960856473743,0,27.16,27.58,27.05333333333333,-2.72459499263622,0,37.74,44.58,38.123333333333335,-15.076841547429797,0,0
2025-10-08,Maharashtra,2025 biweekly,46.0,38.63,44.89,88.26,115.84,117.74,114.11,92.58,44.84,60.58,186.95,198.61,162.68,147.63,165.0,138.2,57.47,318.68,25.05,30.79,26.63,32.95,2025,10,4,41,-0.8660254037844386,0.5000000000000001,30.05,29.89,30.243333333333336,2.46256239600664,0,26.42,27.16,26.736666666666668,0.7948523845571431,0,32.05,37.74,34.24666666666666,2.808112324493006,0,0
2025-10-22,Maharashtra,2025 biweekly,46.0,38.47,44.84,88.26,116.58,118.37,114.26,92.95,45.0,60.68,186.16,200.44,162.26,147.84,165.37,138.4,58.05,319.11,25.05,30.72,26.17,33.5,2025,10,4,43,-0.8660254037844386,0.5000000000000001,30.79,30.05,30.52,-0.22734654108477192,0,26.63,26.42,26.406666666666666,-1.72737514081861,0,32.95,32.05,32.833333333333336,1.6691957511380862,0,0
2025-11-05,Maharashtra,2025 biweekly,45.84,38.63,44.79,88.53,116.16,117.79,114.32,92.53,44.89,60.58,186.89,198.61,162.79,147.58,165.21,138.33,57.74,318.63,25.05,30.79,26.47,32.68,2025,11,4,45,-0.5000000000000004,0.8660254037844384,30.72,30.79,30.76666666666667,0.22786458333332593,0,26.17,26.63,26.423333333333336,1.146350783339689,0,33.5,32.95,33.04333333333333,-2.4477611940298516,0,0
2025-11-19,Maharashtra,2025 biweekly,49.71,48.5,45.14,94.4,134.43,132.2,130.14,103.0,55.86,72.83,171.0,190.29,264.0,178.0,201.6,153.17,93.6,274.67,22.57,29.14,40.86,81.14,2025,11,4,47,-0.5000000000000004,0.8660254037844384,30.79,30.72,30.21666666666667,-5.358882754140948,0,26.47,26.17,31.166666666666668,54.36343029845108,1,32.68,33.5,49.10666666666666,148.28641370869033,1,1
2025-12-03,Maharashtra,2025 biweekly,43.0,45.43,53.13,103.45,147.78,132.14,122.0,94.87,50.67,73.5,179.37,165.67,190.0,165.4,203.5,132.0,78.0,330.0,18.13,27.07,45.93,57.13,2025,12,4,49,-2.4492935982947064e-16,1.0,29.14,30.79,29.0,-7.103637611530544,0,40.86,26.47,37.75333333333333,12.408223201174739,0,81.14,32.68,56.98333333333334,-29.590830663051516,0,0
2025-12-17,Maharashtra,2025 biweekly,45.68,38.95,45.26,88.63,116.58,118.0,114.0,94.32,44.68,61.05,187.74,202.72,160.74,150.58,168.42,142.13,58.74,323.95,25.42,32.16,29.53,45.53,2025,12,4,51,-2.4492935982947064e-16,1.0,27.07,29.14,29.456666666666667,18.803103066124848,0,45.93,40.86,38.77333333333333,-35.70650990637927,0,57.13,81.14,61.26666666666667,-20.304568527918786,0,0
2025-12-31,Maharashtra,2025 biweekly,45.58,38.74,45.37,86.32,114.63,117.68,113.68,92.63,44.63,60.89,187.26,200.89,160.74,150.11,168.05,142.93,58.16,323.84,25.42,31.47,28.32,47.63,2025,12,4,1,-2.4492935982947064e-16,1.0,32.16,27.07,30.233333333333334,-2.145522388059695,0,29.53,45.93,34.593333333333334,-4.097527937690481,0,45.53,57.13,50.09666666666667,4.612343509773775,0,0
2026-01-01,Maharashtra,Jan-July 2026 weekly,45.68,38.74,45.37,86.26,114.53,117.63,113.63,92.84,44.74,61.26,187.16,200.94,160.42,150.21,168.11,143.0,58.16,323.84,25.42,31.32,28.16,47.89,2026,1,1,1,0.49999999999999994,0.8660254037844387,31.47,32.16,31.650000000000002,-0.4766444232602418,0,28.32,29.53,28.67,-0.5649717514124353,0,47.63,45.53,47.01666666666667,0.5458744488767486,0,0
2026-01-08,Maharashtra,Jan-July 2026 weekly,45.89,38.79,45.26,86.47,115.11,117.95,113.63,93.05,44.42,60.84,187.56,200.06,160.74,150.21,169.68,143.4,58.21,323.63,25.42,29.84,27.32,45.63,2026,1,1,2,0.49999999999999994,0.8660254037844387,31.32,31.47,30.87666666666667,-4.725415070242656,0,28.16,28.32,27.933333333333334,-2.9829545454545414,0,47.89,47.63,47.05000000000001,-4.719148047609101,0,0
2026-01-15,Maharashtra,Jan-July 2026 weekly,45.79,38.74,45.21,85.79,115.68,117.79,113.53,93.63,44.37,60.84,187.37,199.5,160.58,150.79,170.32,143.87,58.68,323.58,25.42,29.0,26.84,41.68,2026,1,1,3,0.49999999999999994,0.8660254037844387,29.84,31.32,30.053333333333338,-2.815013404825739,0,27.32,28.16,27.439999999999998,-1.7569546120058566,0,45.63,47.89,45.06666666666667,-8.656585579662512,0,0
2026-01-22,Maharashtra,Jan-July 2026 weekly,45.84,38.84,45.21,85.95,116.11,117.37,113.53,93.32,44.32,61.0,186.89,200.5,157.44,151.68,171.68,144.27,58.63,323.84,25.47,28.0,26.05,39.16,2026,1,1,4,0.49999999999999994,0.8660254037844387,29.0,29.84,28.94666666666667,-3.4482758620689613,0,26.84,27.32,26.736666666666668,-2.9433681073025353,0,41.68,45.63,42.15666666666667,-6.0460652591170945,0,0
2026-01-29,Maharashtra,Jan-July 2026 weekly,46.11,38.79,45.26,86.42,119.63,118.0,113.79,93.05,44.26,61.0,188.11,200.56,160.58,153.26,172.16,145.27,58.74,324.11,25.47,27.47,25.95,36.05,2026,1,1,5,0.49999999999999994,0.8660254037844387,28.0,29.0,28.156666666666666,-1.8928571428571517,0,26.05,26.84,26.28,-0.38387715930903177,0,39.16,41.68,38.96333333333333,-7.941777323799792,0,0
2026-02-05,Maharashtra,Jan-July 2026 weekly,46.05,38.74,45.26,86.74,126.16,119.47,114.63,93.0,44.42,61.05,189.26,200.72,160.42,154.68,172.16,146.2,59.11,324.16,25.47,26.68,25.63,33.32,2026,2,1,6,0.8660254037844386,0.5000000000000001,27.47,28.0,27.383333333333336,-2.8758645795413096,0,25.95,26.05,25.876666666666665,-1.2331406551059687,0,36.05,39.16,36.17666666666667,-7.57281553398057,0,0
2026-02-12,Maharashtra,Jan-July 2026 weekly,45.79,38.53,45.32,86.84,128.0,120.79,114.79,93.0,44.74,61.32,189.84,200.89,161.16,155.47,172.63,146.47,58.68,324.11,25.58,26.26,25.26,31.26,2026,2,1,7,0.8660254037844386,0.5000000000000001,26.68,27.47,26.80333333333333,-1.5742128935532174,0,25.63,25.95,25.613333333333333,-1.4436207569254678,0,33.32,36.05,33.54333333333334,-6.182472989195675,0,0
2026-02-19,Maharashtra,Jan-July 2026 weekly,46.16,38.42,45.37,86.53,127.79,121.16,114.89,93.32,44.63,61.42,190.37,201.94,161.0,155.05,173.11,146.33,58.89,325.32,25.58,25.42,25.32,30.47,2026,2,1,8,0.8660254037844386,0.5000000000000001,26.26,26.68,26.120000000000005,-3.1987814166032025,0,25.26,25.63,25.403333333333336,0.23752969121140222,0,31.26,33.32,31.683333333333337,-2.5271912987843925,0,0
2026-02-26,Maharashtra,Jan-July 2026 weekly,46.16,38.53,44.89,86.47,127.0,121.32,115.21,93.26,44.79,61.58,191.11,201.72,161.16,155.16,173.84,146.53,58.84,325.32,25.53,25.37,24.89,28.21,2026,2,1,9,0.8660254037844386,0.5000000000000001,25.42,26.26,25.683333333333337,-0.19669551534224894,0,25.32,25.26,25.156666666666666,-1.6982622432859418,0,30.47,31.26,29.980000000000004,-7.41713160485723,0,0
2026-03-05,Maharashtra,Jan-July 2026 weekly,46.0,38.37,44.79,85.84,127.53,122.32,115.16,92.68,44.58,61.53,191.84,201.22,160.89,155.89,175.42,146.87,58.53,325.47,25.42,25.0,23.89,28.11,2026,3,1,10,1.0,6.123233995736766e-17,25.37,25.42,25.263333333333335,-1.4584154513204606,0,24.89,25.32,24.7,-4.017677782241869,0,28.21,30.47,28.930000000000003,-0.35448422545196756,0,0
2026-03-12,Maharashtra,Jan-July 2026 weekly,46.0,38.0,44.58,85.42,127.95,122.0,115.37,92.11,44.56,61.78,194.63,204.28,160.74,159.74,178.21,148.87,58.78,323.28,25.17,24.89,23.63,28.79,2026,3,1,11,1.0,6.123233995736766e-17,25.0,25.37,25.08666666666667,-0.43999999999999595,0,23.89,24.89,24.136666666666667,-1.088321473419851,0,28.11,28.21,28.370000000000005,2.4190679473496957,0,0
2026-03-19,Maharashtra,Jan-July 2026 weekly,46.0,38.0,44.74,85.42,127.63,122.37,115.63,93.0,44.79,61.53,196.79,204.22,162.05,162.0,180.74,151.27,59.11,325.16,25.53,24.37,22.95,28.47,2026,3,1,12,1.0,6.123233995736766e-17,24.89,25.0,24.753333333333334,-2.089192446765764,0,23.63,23.89,23.49,-2.877697841726623,0,28.79,28.11,28.456666666666674,-1.1114970475859631,0,0
2026-03-26,Maharashtra,Jan-July 2026 weekly,46.21,38.0,44.84,84.89,127.53,122.16,115.79,93.37,44.68,61.53,197.95,205.11,162.84,165.16,183.11,153.53,58.84,325.58,25.53,24.16,22.58,27.11,2026,3,1,13,1.0,6.123233995736766e-17,24.37,24.89,24.473333333333333,-0.8617152236356174,0,22.95,23.63,23.05333333333333,-1.6122004357298492,0,28.47,28.79,28.12333333333334,-4.776958201615733,0,0
2026-04-02,Maharashtra,Jan-July 2026 weekly,46.74,37.68,44.63,84.53,127.0,122.47,115.84,93.11,44.68,61.53,198.84,204.94,163.63,167.58,184.37,155.07,59.0,325.84,25.58,24.21,22.74,27.53,2026,4,2,14,0.8660254037844387,-0.4999999999999998,24.16,24.37,24.24666666666667,0.20695364238410008,0,22.58,22.95,22.756666666666664,0.7085916740478204,0,27.11,28.47,27.703333333333337,1.5492438214681048,0,0
2026-04-09,Maharashtra,Jan-July 2026 weekly,46.79,37.53,44.32,83.95,126.42,122.53,116.21,93.11,44.68,61.47,200.05,205.28,163.37,168.84,185.84,156.87,58.79,326.37,25.58,23.74,22.74,25.53,2026,4,2,15,0.8660254037844387,-0.4999999999999998,24.21,24.16,24.036666666666672,-1.941346551011991,0,22.74,22.58,22.686666666666667,0.0,0,27.53,27.11,26.72333333333334,-7.2648020341445685,0,0
2026-04-16,Maharashtra,Jan-July 2026 weekly,46.79,37.47,44.26,84.26,125.84,122.89,116.26,93.05,44.53,61.53,201.16,205.83,163.79,169.32,186.58,157.2,58.84,326.47,25.63,23.89,22.84,27.05,2026,4,2,16,0.8660254037844387,-0.4999999999999998,23.74,24.21,23.94666666666667,0.631844987363106,0,22.74,22.74,22.77333333333333,0.4397537379067895,0,25.53,27.53,26.703333333333337,5.95377986682335,0,0
2026-04-23,Maharashtra,Jan-July 2026 weekly,46.84,37.42,44.32,84.26,125.47,122.84,116.26,92.95,44.42,61.58,202.68,204.78,164.63,168.68,186.47,157.4,58.89,326.26,25.63,24.05,22.47,29.37,2026,4,2,17,0.8660254037844387,-0.4999999999999998,23.89,23.74,23.893333333333334,0.6697362913352878,0,22.84,22.74,22.683333333333334,-1.6199649737303035,0,27.05,25.53,27.316666666666674,8.576709796672821,0,0
2026-04-30,Maharashtra,Jan-July 2026 weekly,46.84,37.42,44.42,83.95,125.11,123.16,116.37,93.21,44.58,61.58,203.0,204.28,164.63,168.53,186.63,157.73,59.37,326.26,25.68,24.58,22.11,31.63,2026,4,2,18,0.8660254037844387,-0.4999999999999998,24.05,23.89,24.173333333333336,2.2037422037421983,0,22.47,22.84,22.473333333333333,-1.602136181575431,0,29.37,27.05,29.350000000000005,7.694926796050394,0,0
2026-05-07,Maharashtra,Jan-July 2026 weekly,46.89,37.21,44.37,83.74,125.32,123.42,116.63,93.26,44.68,61.58,203.11,204.39,165.16,168.89,186.79,157.43,59.63,326.42,25.74,24.79,21.68,34.95,2026,5,2,19,0.49999999999999994,-0.8660254037844387,24.58,24.05,24.473333333333333,0.8543531326281606,0,22.11,22.47,22.086666666666662,-1.9448213478064247,0,31.63,29.37,31.983333333333338,10.49636421119191,0,0
2026-05-14,Maharashtra,Jan-July 2026 weekly,47.11,37.26,44.21,83.58,125.53,123.53,117.0,93.32,44.68,61.53,203.21,204.72,165.53,168.37,186.47,158.4,59.42,326.47,25.74,24.63,21.37,36.32,2026,5,2,20,0.49999999999999994,-0.8660254037844387,24.79,24.58,24.666666666666668,-0.6454215409439246,0,21.68,22.11,21.72,-1.4298892988929834,0,34.95,31.63,34.300000000000004,3.919885550786839,0,0
2026-05-21,Maharashtra,Jan-July 2026 weekly,46.63,37.21,44.11,83.21,125.37,124.0,116.47,93.05,44.89,61.89,203.95,204.78,166.68,169.79,186.47,159.27,59.37,326.26,25.74,24.89,21.42,40.05,2026,5,2,21,0.49999999999999994,-0.8660254037844387,24.63,24.79,24.77,1.055623223710933,0,21.37,21.68,21.49,0.23397285914834587,0,36.32,34.95,37.106666666666676,10.26982378854624,0,0
2026-05-28,Maharashtra,Jan-July 2026 weekly,46.63,37.37,44.26,83.89,126.53,124.05,116.16,92.74,44.89,61.95,204.47,205.33,167.16,171.0,187.47,159.67,59.42,326.32,25.74,25.32,21.26,43.58,2026,5,2,22,0.49999999999999994,-0.8660254037844387,24.89,24.63,24.94666666666667,1.727601446363991,0,21.42,21.37,21.350000000000005,-0.7469654528478031,0,40.05,36.32,39.98333333333334,8.813982521847684,0,0
2026-06-04,Maharashtra,Jan-July 2026 weekly,46.63,37.26,44.26,84.32,126.47,124.0,116.21,92.79,44.84,61.89,204.79,205.61,167.53,171.32,187.68,160.67,59.32,326.47,25.74,25.37,22.89,43.58,2026,6,2,23,1.2246467991473532e-16,-1.0,25.32,24.89,25.19333333333334,0.1974723538704648,0,21.26,21.42,21.85666666666667,7.666980244590782,0,43.58,40.05,42.403333333333336,0.0,0,0
2026-06-11,Maharashtra,Jan-July 2026 weekly,47.47,36.89,44.47,84.32,126.42,123.84,116.26,92.84,44.89,62.58,204.68,206.22,167.63,171.11,188.16,160.6,59.58,326.79,25.74,25.84,24.05,45.47,2026,6,2,24,1.2246467991473532e-16,-1.0,25.37,25.32,25.51,1.852581789515173,0,22.89,21.26,22.733333333333334,5.067715159458275,0,43.58,43.58,44.21,4.336851766865535,0,0
2026-06-18,Maharashtra,Jan-July 2026 weekly,47.32,37.16,44.47,85.26,125.58,125.11,115.26,92.26,44.95,62.26,204.42,206.22,168.05,170.89,188.37,160.6,59.37,326.68,25.74,26.0,24.42,47.68,2026,6,2,25,1.2246467991473532e-16,-1.0,25.84,25.37,25.736666666666668,0.6191950464396356,0,24.05,22.89,23.786666666666665,1.538461538461533,0,45.47,43.58,45.576666666666675,4.860347481856175,0,0
2026-06-25,Maharashtra,Jan-July 2026 weekly,47.47,37.11,44.47,85.26,125.63,124.95,115.84,93.0,45.11,62.21,204.74,206.33,167.95,170.89,188.42,160.4,59.05,327.42,25.74,26.63,25.37,48.21,2026,6,2,26,1.2246467991473532e-16,-1.0,26.0,25.84,26.156666666666666,2.423076923076928,0,24.42,24.05,24.613333333333333,3.890253890253881,0,47.68,45.47,47.120000000000005,1.1115771812080455,0,0
2026-07-02,Maharashtra,Jan-July 2026 weekly,47.79,37.16,44.32,85.11,124.63,125.11,115.47,92.84,45.16,62.21,203.79,204.5,168.32,170.26,188.0,160.47,60.16,328.26,25.68,26.74,26.79,46.47,2026,7,3,27,-0.4999999999999997,-0.8660254037844388,26.63,26.0,26.456666666666667,0.4130679684566152,0,25.37,24.42,25.526666666666667,5.597162002364997,0,48.21,47.68,47.45333333333334,-3.6092097075295593,0,0
2026-07-09,Maharashtra,Jan-July 2026 weekly,47.68,37.37,44.26,85.16,125.0,125.42,115.42,93.11,45.53,62.16,204.58,204.28,168.47,170.58,188.58,160.4,59.42,328.26,25.58,27.0,27.58,47.61,2026,7,3,28,-0.4999999999999997,-0.8660254037844388,26.74,26.63,26.790000000000003,0.972326103216159,0,26.79,25.37,26.58,2.9488615154908526,0,46.47,48.21,47.43000000000001,2.453195610071024,0,0
2026-07-16,Maharashtra,Jan-July 2026 weekly,48.16,37.53,44.74,85.26,125.26,125.79,115.79,93.0,46.37,62.58,203.84,203.78,168.42,171.16,189.05,160.0,59.58,328.26,25.58,27.11,29.32,44.63,2026,7,3,29,-0.4999999999999997,-0.8660254037844388,27.0,26.74,26.950000000000003,0.4074074074074119,0,27.58,26.79,27.896666666666665,6.308919506889055,0,47.61,46.47,46.23666666666667,-6.25918924595672,0,0
2026-07-23,Maharashtra,Jan-July 2026 weekly,48.47,37.79,44.68,85.68,125.58,125.95,115.84,93.21,48.32,62.79,204.42,205.61,170.63,172.0,189.74,160.13,60.84,329.16,25.74,27.63,30.89,43.74,2026,7,3,30,-0.4999999999999997,-0.8660254037844388,27.11,27.0,27.24666666666667,1.9181113980081044,0,29.32,27.58,29.263333333333335,5.354706684856758,0,44.63,47.61,45.326666666666675,-1.9941743222048003,0,0
2026-07-30,Maharashtra,Jan-July 2026 weekly,48.84,37.84,44.84,86.0,125.74,126.63,115.53,93.11,49.21,62.95,206.0,207.5,171.74,172.26,189.79,160.53,61.47,330.16,25.68,27.58,31.53,41.32,2026,7,3,31,-0.4999999999999997,-0.8660254037844388,27.63,27.11,27.44,-0.18096272167933414,0,30.89,29.32,30.580000000000002,2.0718679184202005,0,43.74,44.63,43.23000000000001,-5.532693187014182,0,0
